{"cameraMode":{"drawMode":0,"name":"Shaded","section":"Shading Mode"},"sceneLighting":false,"audioPlay":false,"sceneViewState":{"showFog":true,"showMaterialUpdate":false,"showSkybox":true,"showFlares":true,"showImageEffects":true,"showParticleSystems":true},"in2DMode":false,"pivot":{"x":-1.34556245803833,"y":0.5830758810043335,"z":-2.0843918323516847},"rotation":{"x":0.29570797085762026,"y":0.6336804628372192,"z":-0.6551011800765991,"w":0.2860916554927826},"size":15.826143264770508,"orthographic":false}