{"cameraMode":{"drawMode":0,"name":"Shaded","section":"Shading Mode"},"sceneLighting":true,"audioPlay":false,"sceneViewState":{"showFog":true,"showMaterialUpdate":false,"showSkybox":true,"showFlares":true,"showImageEffects":true,"showParticleSystems":true},"in2DMode":false,"pivot":{"x":21.961116790771486,"y":43.827545166015628,"z":10.980311393737793},"rotation":{"x":-0.47726941108703616,"y":-0.443369060754776,"z":0.3045046329498291,"w":-0.6949207186698914},"size":11.054842948913575,"orthographic":false}