{"cameraMode":{"drawMode":0,"name":"Shaded","section":"Shading Mode"},"sceneLighting":false,"audioPlay":false,"sceneViewState":{"showFog":true,"showMaterialUpdate":false,"showSkybox":true,"showFlares":true,"showImageEffects":true,"showParticleSystems":true},"in2DMode":false,"pivot":{"x":-0.5102647542953491,"y":0.34221792221069338,"z":1.6852378845214844},"rotation":{"x":-0.0115302549675107,"y":-0.9364393353462219,"z":0.34927481412887576,"w":-0.03091372735798359},"size":10.53359317779541,"orthographic":false}