{"cameraMode":{"drawMode":0,"name":"Shaded","section":"Shading Mode"},"sceneLighting":false,"audioPlay":false,"sceneViewState":{"showFog":true,"showMaterialUpdate":false,"showSkybox":true,"showFlares":true,"showImageEffects":true,"showParticleSystems":true},"in2DMode":false,"pivot":{"x":-6.369840621948242,"y":5.722150802612305,"z":36.876800537109378},"rotation":{"x":0.4921087920665741,"y":-0.4843113422393799,"z":0.392046719789505,"w":0.6079234480857849},"size":11.559488296508789,"orthographic":false}